<?xml version="1.0" encoding="UTF-8"?>
<beans xmlns="http://www.springframework.org/schema/beans"
  xmlns:xsi="http://www.w3.org/2001/XMLSchema-instance" 
  xmlns:context="http://www.springframework.org/schema/context"
  xmlns:mvc="http://www.springframework.org/schema/mvc" 
  xmlns:aop="http://www.springframework.org/schema/aop"
  xmlns:tx="http://www.springframework.org/schema/tx" 
  xmlns:p="http://www.springframework.org/schema/p"
  xsi:schemaLocation="http://www.springframework.org/schema/beans
  http://www.springframework.org/schema/beans/spring-beans-3.2.xsd
  http://www.springframework.org/schema/context
  http://www.springframework.org/schema/context/spring-context-3.2.xsd 
  http://www.springframework.org/schema/mvc
  http://www.springframework.org/schema/mvc/spring-mvc-3.2.xsd
  http://www.springframework.org/schema/aop	
  http://www.springframework.org/schema/aop/spring-aop-3.2.xsd
  http://www.springframework.org/schema/tx 
  http://www.springframework.org/schema/tx/spring-tx-3.2.xsd">

  <context:annotation-config />
  <context:component-scan base-package="com.sacti.rimla.medic" />
  

  <bean id="dataSource" class="org.apache.commons.dbcp.BasicDataSource"
    destroy-method="close">
    <property name="driverClassName" value="com.mysql.jdbc.Driver" />
    <property name="url" value="jdbc:mysql://localhost:3306/rimlamedic" />
    <property name="username" value="root" />
    <property name="password" value="root" />
  </bean>

  <bean id="entityManagerFactory"
    class="org.springframework.orm.jpa.LocalContainerEntityManagerFactoryBean">
    <property name="persistenceUnitName" value="RimlaMedicPU" />
    <property name="dataSource" ref="dataSource" />
  </bean>

  <bean id="transactionManager" class="org.springframework.orm.jpa.JpaTransactionManager">
    <property name="entityManagerFactory" ref="entityManagerFactory" />
  </bean>

  <bean id="dependenciaService" class="com.sacti.rimla.medic.service.impl.DependenciaServiceImpl"/>

  <!--  <tx:annotation-driven proxy-target-class="true"
		transaction-manager="transactionManager" /> -->
		<tx:annotation-driven proxy-target-class="false"
		transaction-manager="transactionManager" />

</beans>